,id,name,mobile
0,1,Oscar Williams,
1,2,James Jones,
2,3,Claire Thomas,
3,4,Oliver Johnson,
4,5,Oliver Jones,
5,6,Charlie Wilson,
6,7,Harry Thomas,
7,8,Thomas Davies,
8,9,Oscar Jones,
9,10,Harry Jones,
10,11,William Evans,
11,12,Jacob Williams,
12,13,Thomas Evans,
13,14,Jacob Evans,
14,15,James Wilson,
15,16,James Evans,
16,17,James Brown,
17,18,Harry Davies,
18,19,Oliver Smith,
19,20,Oscar Evans,
20,21,George Taylor,
21,22,William Thomas,
22,23,Oscar Johnson,
23,24,Oliver Evans,
24,25,James Taylor,
25,26,Thomas Taylor,
26,27,George Williams,
27,28,Harry Johnson,
28,29,James Williams,
29,30,Jacob Thomas,
30,31,Oscar Wilson,
31,32,Harry Smith,
32,33,Oscar Davies,
33,34,Jack Brown,
34,35,Jack Davies,
35,36,William Taylor,
36,37,Harry Wilson,
37,38,Claire Williams,
38,39,Jack Johnson,
39,40,Thomas Williams,
40,41,William Johnson,
41,42,William Wilson,
42,43,William Brown,
43,44,Thomas Smith,
44,45,Oliver Taylor,
45,46,Claire Johnson,
46,47,Charlie Evans,
47,48,Thomas Thomas,
48,49,George Jones,
49,50,Oliver Davies,
50,51,Claire Smith,
51,52,George Evans,
52,53,Oscar Taylor,
53,54,Oliver Thomas,
54,55,William Jones,
55,56,William Smith,
56,57,Oliver Williams,
57,58,Harry Brown,
58,59,Jacob Jones,
59,60,Thomas Jones,
60,61,Claire Evans,
61,62,Jack Smith,
62,63,Harry Evans,
63,64,George Brown,
64,65,Jack Williams,
65,66,Charlie Davies,
66,67,Oliver Brown,
67,68,Harry Williams,
68,69,Thomas Brown,
69,70,Charlie Jones,
70,71,James Johnson,
71,72,Jacob Johnson,
72,73,Jack Wilson,
73,74,George Smith,
74,75,Claire Taylor,
75,76,Charlie Brown,
76,77,Jack Jones,
77,78,Oscar Thomas,
78,79,Jacob Wilson,
79,80,Thomas Wilson,
80,81,Charlie Thomas,
81,82,Claire Brown,
82,83,Oscar Brown,
83,84,Jacob Davies,
84,85,Jack Thomas,
85,86,Jacob Taylor,
86,87,William Davies,
87,88,George Thomas,
88,89,George Davies,
89,90,James Thomas,
90,91,Oliver Wilson,
91,92,Claire Davies,
92,93,James Smith,
93,94,Oscar Smith,
94,95,Charlie Johnson,
95,96,Claire Jones,
96,97,Claire Wilson,
97,98,George Wilson,
98,99,William Williams,
99,100,Jack Evans,
